bids_name	aor	aqi	dummy_trs	dvars_nstd	dvars_std	dvars_vstd	efc	fber	fd_mean	fd_num	fd_perc	fwhm_avg	fwhm_x	fwhm_y	fwhm_z	gcor	gsr_x	gsr_y	size_t	size_x	size_y	size_z	snr	spacing_tr	spacing_x	spacing_y	spacing_z	spikes_num	summary_bg_k	summary_bg_mad	summary_bg_mean	summary_bg_median	summary_bg_n	summary_bg_p05	summary_bg_p95	summary_bg_stdv	summary_fg_k	summary_fg_mad	summary_fg_mean	summary_fg_median	summary_fg_n	summary_fg_p05	summary_fg_p95	summary_fg_stdv	tsnr
sub-AT201_ses-01_task-rest_dir-AP_run-1_bold	0.00034951724137931035	0.011559439126436782	3	53.44482567758064	1.0000996073271888	2.840979540552996	0.43795750765791414	12877104.0	0.18607907291478093	181	41.60919540229885	2.928536910259409	2.792259667136709	2.9291206983567952	3.0642303652847245	0.00787279	0.009821075946092606	0.017079133540391922	435	104	104	72	2.344388127928212	0.800000011920929	2.000000238418579	1.9999995231628418	1.999999761581421	2	68.74113591118393	2.488847746520225	139.4638214111328	1.6787023544311523	519986.0	0.0	840.4006652832031	573.1182250976562	2.0125750421261577	2452.779321313341	6977.82275390625	6488.248046875	157920.0	3439.923388671875	12110.166113281242	2767.556884765625	22.752424240112305
sub-AT202_ses-01_task-rest_dir-AP_run-1_bold	0.00023887096774193552	0.008385033248847927	4	55.397331431616614	1.0533217200230944	104.37449094614317	0.4674313858383555	5806120.5	0.10442634271307168	3	0.6912442396313364	3.2324116604729727	3.0913401842582338	3.26957019488157	3.3363246022791144	0.00329853	0.004056107252836227	0.043100159615278244	434	104	104	72	1.9264986470087038	0.800000011920929	1.9999998807907104	1.9999998807907104	2.000000238418579	0	50.5732426575026	3.771591802885708	236.8339385986328	2.5439000129699707	488380.0	0.0	1480.0790344238267	831.1041870117188	3.166710377785675	3084.2306822559035	7996.08349609375	7228.4521484375	177208.0	3620.212121582031	15158.909033203125	3752.1083984375	25.826263427734375
sub-AT203_ses-01_task-rest_dir-AP_run-1_bold	0.00032188073394495416	0.011208982178899082	2	57.19100012066663	1.0445620590574718	0.9987486618390807	0.4320396050175451	106294344.0	0.13450793816733525	112	25.68807339449541	2.7500800021593848	2.59403	2.8416906775118536	2.8145193289663006	0.00473289	0.0010122886160388589	0.029450437054038048	436	104	104	72	2.7846355095723005	0.800000011920929	2.0	1.9999995231628418	2.000000476837158	1	57.25867193449132	0.8352134761464404	125.1419677734375	0.5633429288864136	531697.0	0.0	795.8379394531239	510.13238525390625	0.6020254974808759	2138.9519580625065	6678.849609375	6362.123046875	147514.0	3556.2500488281253	10913.917578125003	2284.716064453125	24.497058868408203
sub-AT204_ses-01_task-rest_dir-AP_run-1_bold	0.00014223502304147465	0.010097181958525344	4	59.90235471822168	1.0209388351039255	0.9901066590069286	0.49208995252431476	9085876.0	0.258495761331622	291	67.05069124423963	2.8969265626975567	2.7842393361856135	2.952010351907057	2.95453	0.00552221	-0.0021324793342500925	0.057714104652404785	434	104	104	72	2.0834865946516614	0.800000011920929	2.000000476837158	1.999999761581421	2.0	0	36.59108049393629	2.7871568768780266	216.84588623046875	1.8952261209487915	472212.0	0.0	1441.1955810546842	739.3838500976562	7.4093665835525115	2484.519170760684	7108.35791015625	6514.15966796875	194447.0	3462.9720703125	12660.045117187496	3126.55859375	23.566566467285156
sub-AT205_ses-01_task-rest_dir-AP_run-1_bold	0.0009369425287356322	0.011286274850574714	3	49.66518159527649	0.9960807130645157	35.58597657444703	0.47583048565227637	1148308.875	0.15150276762913342	121	27.816091954022987	2.8282598376119434	2.6767896809018037	2.9321001747667896	2.875889657167237	0.00322206	0.0015302664833143353	0.034165460616350174	435	104	104	72	2.239402487422495	0.800000011920929	2.000000238418579	1.9999998807907104	2.000000238418579	1	53.87328860543825	8.77160866881498	177.64688110351562	5.916359901428223	486594.0	0.0	1154.056756591796	574.2657470703125	2.21177972852718	2750.9966495848603	7469.611328125	6892.02294921875	180927.0	3627.7613037109377	13181.85517578125	3077.6083984375	22.875503540039062
sub-AT206_ses-00_task-rest_dir-AP_run-1_bold	0.00010762672811059908	0.009103352557603688	4	61.20978677415702	1.0260220552886834	0.997970934249423	0.47738333958521006	20101150.0	0.1720029787791166	187	43.08755760368663	2.8536815517372296	2.6583896830952543	2.8343753378838703	3.0682796342325647	0.00519908	0.014750710688531399	0.031344469636678696	434	104	104	72	2.076761331625272	0.800000011920929	2.000000238418579	1.999999761581421	2.000000238418579	0	65.78795953725401	1.830922654376862	171.97860717773438	1.2396295070648193	480853.0	0.0	1107.0230712890623	649.5910034179688	4.291203805665627	2331.3623075986143	6619.9794921875	6054.974609375	186639.0	3110.48857421875	12045.35751953125	2915.577392578125	23.44162940979004
sub-AT207_ses-01_task-rest_dir-AP_run-1_bold	0.00035400000000000004	0.014488834183908046	3	58.625684246013854	1.0261356050230412	0.979164085576037	0.47438800504135986	1164043.375	0.1573530329723509	128	29.42528735632184	2.917006543730024	2.9041393075992326	2.853785680395527	2.993094643195314	0.0019353	-0.00978816207498312	0.05532532185316086	435	104	104	72	2.1162403017211213	0.800000011920929	2.000000476837158	1.9999995231628418	2.000000238418579	0	63.646554854606535	7.794845911813731	170.0760040283203	5.318450450897217	486859.0	0.0	1090.9320556640619	578.1106567382812	2.2845253017528053	2504.603073762638	7153.45263671875	6429.87255859375	179463.0	3612.8891357421876	13126.328417968749	3038.338623046875	21.797454833984375
sub-AT208_ses-01_task-rest_dir-AP_run-1_bold	0.0003852183908045977	0.01276979995402299	3	58.47174933642858	1.0011076490322581	0.9926307701152081	0.42905414125859076	8651965.0	0.15577491140944338	146	33.5632183908046	3.0455784512275526	2.8077701673561437	3.126040186326515	3.202925	0.00749366	0.016629299148917198	0.024152152240276337	435	104	104	72	2.5209041322754953	0.800000011920929	1.9999998807907104	1.9999998807907104	2.0	0	65.15333501079606	2.9248847830339075	138.9143829345703	1.9777898788452148	531706.0	0.0	787.1614990234375	578.5079956054688	1.8686762424496806	2229.0982269380884	6577.56689453125	6211.69091796875	146011.0	3341.86328125	10951.705078125	2464.064208984375	21.410259246826172
sub-AT209_ses-01_task-rest_dir-AP_run-1_bold	0.0006000689655172414	0.014990306551724139	3	57.580541971198116	1.0722225113364057	38.26231589652075	0.4786226941267822	907512.3125	0.11987893751311779	37	8.505747126436782	3.0303088736500388	2.9096455202851628	3.0517657275976484	3.129515373067304	0.00963787	-0.007009383291006088	0.06368246674537659	435	104	104	72	1.9489494686940019	0.800000011920929	1.9999996423721313	1.9999995231628418	1.999999761581421	0	79.54111574490055	10.138059508358156	283.9429016113281	6.838017463684082	484408.0	0.0	1751.62341918945	1025.594970703125	3.4909799835238555	2938.8136831656857	8110.27001953125	7231.37109375	184213.0	3904.90009765625	15369.729687499997	3710.38427734375	22.474048614501953
sub-AT211_ses-01_task-rest_dir-AP_run-1_bold	0.00047307339449541286	0.00964041119266055	2	53.34314683933333	1.023567782183907	2.3431379547816107	0.42294893843540454	25130874.0	0.10540173847471764	7	1.6055045871559632	2.743586768318856	2.6158404677487255	2.832880168852816	2.7820396683550275	0.00400602	0.0036876616068184376	0.020392918959259987	436	104	104	72	2.503913609411338	0.800000011920929	1.9999996423721313	1.9999998807907104	2.000000238418579	1	45.400530930959874	1.740168892865947	160.70944213867188	1.1737260818481445	538316.0	0.0	976.5533142089844	624.7767944335938	2.0271889603252147	2298.8876723837984	6853.91357421875	6466.4814453125	140137.0	3479.534228515625	11590.315039062498	2582.54052734375	25.149383544921875
sub-AT213_ses-01_task-rest_dir-AP_run-1_bold	0.00013447121820615797	0.01518718093708166	3	69.98887252801612	1.1061865104557638	0.9782980438471842	0.438542004961871	3362187.0	0.23722345081947627	373	49.9330655957162	2.893715055532302	2.781885	2.9187105219061116	2.9805496446907944	0.00856085	0.00635141134262085	0.015442217700183392	747	104	104	72	2.055928913244035	0.800000011920929	2.0	1.9999996423721313	2.000000238418579	5	43.86364359608749	5.220309006002011	186.35533142089844	3.615567445755005	518219.0	0.03181132003664971	1224.98116455078	685.7439575195312	3.5770046450034023	2662.234166910779	7848.37548828125	7033.87109375	157770.0	3957.3005126953126	14526.976953124995	3421.2509765625	20.994184494018555
sub-AT213_ses-01_task-rest_dir-AP_run-2_bold	0.0001393850267379679	0.018565449331550802	2	70.50586225010706	1.0788914957161972	0.9637610361445784	0.44240295023737314	944270.5625	0.2707620864693432	448	59.893048128342244	2.9104950552106357	2.79313	2.9311105241234046	3.007244641508503	0.00919713	0.00809177290648222	0.016135605052113533	748	104	104	72	2.0652459925100484	0.800000011920929	2.0	1.9999996423721313	2.000000238418579	1	42.367735785733416	9.809424548416278	201.64971923828125	6.872823238372803	517927.0	0.07801665738224983	1308.3872314453124	699.9467163085938	3.4415913601178216	2651.783196731357	7787.74853515625	6985.984375	158272.0	3916.611364746094	14399.538916015623	3382.629638671875	19.137733459472656
sub-AT217_ses-01_task-rest_dir-AP_run-1_bold	0.000813592493297587	0.021048563538873997	4	53.410702038496595	0.9772510778389263	0.9390325393825517	0.42826301008569845	1205927.25	0.17897463768895708	296	39.67828418230563	3.0492966641090278	2.9082551733455166	3.1316505599827575	3.107984258998809	0.0128423	0.009224503301084042	0.017760369926691055	746	104	104	72	2.035064979762814	0.800000011920929	1.9999998807907104	1.9999996423721313	2.000000476837158	4	60.33651616347424	9.199191096104881	174.47573852539062	6.507030487060547	524675.0	0.07583231329917908	1043.4631225585936	622.4341430664062	3.3551210476862323	2893.8958310403304	8208.2841796875	7343.7060546875	152810.0	4091.925988769531	15205.603906249999	3608.57373046875	18.561538696289062
sub-AT217_ses-01_task-rest_dir-AP_run-2_bold	0.00045977242302543505	0.01704384578313253	3	54.14701758375339	1.0014836926943715	0.9571600706970507	0.4284297121430098	1030140.25	0.19348612391753833	284	38.01874163319946	2.989028327909305	2.8489201698088746	3.0501055454013724	3.0680592685176684	0.00987963	0.010622220113873482	0.015216886065900326	747	104	104	72	2.09603695372592	0.800000011920929	1.9999998807907104	1.9999996423721313	2.000000476837158	4	71.83571381898682	9.781713225424093	174.66075134277344	6.9002203941345215	526795.0	0.10295911803841591	1037.7178222656244	644.1723022460938	2.833054329080026	2869.112556797445	8068.0	7255.96142578125	151650.0	4072.629296875	14730.650634765621	3461.7412109375	19.874755859375
sub-AT218_ses-01_task-rest_dir-AP_run-1_bold	0.0007897590361445782	0.017617088554216866	3	58.25569218278818	1.0055303233646116	0.9780864871715822	0.4890109202506865	881212.75	0.22568590388800047	365	48.862115127175365	2.8318682737121557	2.7001396781182674	2.7980755003348885	2.99738964268331	0.00563431	-0.01724189892411232	0.05692403018474579	747	104	104	72	2.239665970744606	0.800000011920929	2.000000238418579	1.9999996423721313	2.000000238418579	0	50.74199619369312	5.893171145830877	119.11392974853516	4.069598197937012	476984.0	0.028069614805281164	734.288229370117	398.63128662109375	2.283579564187323	1673.5220026276945	4700.45166015625	4328.1279296875	189111.0	2316.30419921875	8363.73974609375	1932.4830322265625	20.562538146972656
sub-AT218_ses-01_task-rest_dir-AP_run-2_bold	0.0008060508701472557	0.010292914176706828	3	59.13316646902152	1.0388695536595172	1.001399368109921	0.48681650608788973	3869389.75	0.24549873404666733	422	56.49263721552878	2.7808616063836773	2.6732896813190363	2.730205488198785	2.9390896496332113	0.0032561	-0.017165713012218475	0.05675904452800751	747	104	104	72	2.2073939157834626	0.800000011920929	2.000000238418579	1.9999996423721313	2.000000238418579	0	55.628789529299354	2.825634130026023	119.30418395996094	1.905861258506775	477605.0	0.0	750.6892211914062	422.2171936035156	2.2649762068456294	1682.939567208036	4679.39697265625	4303.27001953125	189432.0	2273.5244140625	8369.026611328116	1949.4747314453125	23.57067108154297
sub-AT219_ses-01_task-rest_dir-AP_run-1_bold	0.0003303882195448461	0.026205782463186077	3	63.78027052788201	1.1384646044504034	0.9526000431903491	0.46378543604709316	439089.0	0.11531008126870265	45	6.024096385542169	3.227220257570186	3.1183951858708374	3.2818455868397214	3.28142	0.0082852	-0.003006772603839636	0.03533145785331726	747	104	104	72	1.9517991784958517	0.800000011920929	1.9999998807907104	1.9999996423721313	2.0	2	40.55724538583861	9.677279661436017	152.2502899169922	7.003258228302002	493337.0	0.16645479798316956	1016.2728515624999	478.7831115722656	4.374839847546317	1893.9628003574235	5558.275390625	4936.19384765625	174455.0	2765.1899169921876	10515.285058593749	2529.040771484375	18.1679630279541
sub-AT219_ses-01_task-rest_dir-AP_run-2_bold	0.000337312834224599	0.028579986229946522	2	63.32188601406958	1.1111986742838023	0.9476359640963855	0.4670262349855848	259832.84375	0.14102218340626982	138	18.449197860962567	3.2348135905467856	3.123015186146211	3.274320585494146	3.307105	0.00364017	-0.0020884117111563683	0.035538654774427414	748	104	104	72	1.9585334636789864	0.800000011920929	1.9999998807907104	1.9999996423721313	2.0	5	38.42243217709719	12.393477293691781	163.00657653808594	9.137239456176758	493242.0	0.22727090716362003	1069.0946228027342	488.525390625	4.120136424187772	1889.9363191370485	5523.7236328125	4909.91162109375	174535.0	2733.4057861328124	10454.003906249998	2506.925537109375	17.599889755249023
sub-AT220_ses-01_task-rest_dir-AP_run-1_bold	0.000407376171352075	0.018107616465863455	3	48.759073620522805	0.9760313429892764	0.9756481863941008	0.40292511314172097	2574064.25	0.1502433101465649	159	21.285140562248998	2.914294825289877	2.8974401727008923	2.909249653190416	2.936194649978322	0.0137702	-0.0035433818120509386	0.013095862232148647	747	104	104	72	2.4258743918690127	0.800000011920929	1.9999998807907104	2.000000238418579	2.000000238418579	14	72.11833697023557	6.028805017643458	116.18846130371094	4.177255630493164	549290.0	0.015520024159923197	700.3872802734367	456.9752197265625	2.489502955973811	2219.0215269476157	7346.04931640625	6762.4677734375	132818.0	3952.308520507813	12766.063232421875	2787.630859375	20.349130630493164
sub-AT220_ses-01_task-rest_dir-AP_run-2_bold	0.0015643850267379677	0.018129826203208556	2	47.26100042773757	0.992116894243641	1.0102080547255696	0.4034189786934522	1909135.125	0.10322844433770414	14	1.8716577540106951	3.024658152462972	3.014815179696988	3.0079996414185	3.0511596362734275	0.00257781	-0.004171441309154034	0.015347037464380264	748	104	104	72	2.371217061162017	0.800000011920929	1.9999998807907104	2.000000238418579	2.000000238418579	5	71.33753652080547	7.054276213257995	121.8424301147461	4.954418659210205	548471.0	0.05825924314558506	746.8479614257812	472.7511901855469	2.8086216305250122	2309.1254461016238	7620.20654296875	6981.36328125	133612.0	4082.192138671875	13345.56337890625	2944.199951171875	20.792980194091797
sub-AT221_ses-01_task-rest_dir-AP_run-1_bold	0.0001809090909090909	0.016735854545454548	2	56.67083901112441	1.0228861951137886	0.9569199661445774	0.472836701066385	723543.0625	0.17868655025816996	293	39.17112299465241	2.8863517709071904	2.748245491424589	2.9696496459901756	2.9411601753068073	0.00824414	0.0003534852003213018	0.03040372207760811	748	104	104	72	2.163186429503852	0.800000011920929	1.9999996423721313	2.000000238418579	1.9999998807907104	7	47.86066461646017	11.429770112969955	195.70254516601562	7.87628698348999	488856.0	0.0	1293.8195190429688	624.552978515625	1.6843096251896315	2950.6853598166977	7925.01025390625	7215.20068359375	179007.0	3887.6987060546876	14400.259570312493	3335.44091796875	20.125038146972656
sub-AT221_ses-01_task-rest_dir-AP_run-2_bold	0.0001250200267022697	0.012340326942590121	1	56.20068579180485	1.0442414057219256	0.9727171671390362	0.47178648218416025	1148356.875	0.1617644996060237	251	33.511348464619495	2.8265451025015573	2.7016954831007984	2.9079846533412157	2.8699551710626587	0.00691162	0.0014822199009358883	0.027635127305984497	749	104	104	72	2.171527424193146	0.800000011920929	1.9999996423721313	2.000000238418579	1.9999998807907104	1	46.7902838580701	9.089112236960345	193.22137451171875	6.2049241065979	489561.0	0.0	1295.3131103515625	627.431640625	1.6448843386591063	2940.8808563272787	7896.42724609375	7194.48828125	178294.0	3866.8150634765625	14302.337158203125	3313.091064453125	22.687652587890625
sub-AT222_ses-01_task-rest_dir-AP_run-1_bold	0.0005227406417112299	0.013205279719251336	2	59.64780255970553	1.0478945467603744	0.9873099967871471	0.46738292925795766	930486.8125	0.2140361192905003	382	51.06951871657754	2.807003277852804	2.764670164787183	2.8447103391158985	2.8116293296553305	0.00251006	-0.0031397449783980846	0.030129803344607353	748	104	104	72	2.310669512836401	0.800000011920929	1.9999998807907104	1.999999761581421	2.000000476837158	1	76.03177475112962	9.821594663033483	193.8232421875	6.740260124206543	499266.0	0.005263356142677367	1160.7461547851562	678.0166625976562	1.9984834104338614	2589.951879307147	7498.28515625	6891.716796875	174577.0	3829.102734375	13188.928515624999	2982.55419921875	21.851804733276367
sub-AT222_ses-01_task-rest_dir-AP_run-2_bold	0.000298485254691689	0.014569967828418231	4	59.470890085986596	1.0411945387919452	0.9821255867382547	0.4637002291477236	1372278.875	0.17281799219316363	317	42.493297587131366	2.832594941647322	2.7640101647478437	2.8723503424108436	2.86142431778328	0.00377359	0.00017312137060798705	0.024406595155596733	746	104	104	72	2.326795194976305	0.800000011920929	1.9999998807907104	1.999999761581421	2.000000476837158	0	58.992844859709194	8.059372876319879	166.15814208984375	5.524927139282227	499976.0	0.0	1061.3955078125	575.7322387695312	1.9537384137029639	2567.294416301879	7466.87939453125	6858.689453125	173223.0	3860.776318359375	13084.610156249999	2947.689453125	21.143611907958984
sub-AT223_ses-01_task-rest_dir-AP_run-1_bold	9.852546916890081e-05	0.007955210107238606	4	53.63606830055031	1.066965684053692	0.9815159021879194	0.40572804895683673	44184428.0	0.15952375425868742	268	35.924932975871315	3.180574868328938	3.1209251860216374	3.1870101899606103	3.2337892290045667	0.00455933	-0.0005864597042091191	0.01341291144490242	746	104	104	72	1.9749840644905727	0.800000011920929	1.9999998807907104	1.9999998807907104	2.000000476837158	0	80.80781513209658	1.6515281486743536	128.98382568359375	1.113938808441162	536667.0	0.0	824.978546142577	546.2760009765625	2.4866176250326175	3220.0035276571903	8790.2373046875	7734.5986328125	144369.0	4347.00087890625	16274.7068359375	3916.2705078125	27.619291305541992
sub-AT223_ses-01_task-rest_dir-AP_run-2_bold	0.00044712751677852353	0.008144362818791948	5	55.41405656754027	1.1057306605645165	0.9988606315725806	0.405160927497366	21570946.0	0.15595609414993458	232	31.140939597315437	3.139551537105708	3.0811151836487762	3.1496051877310984	3.187934239937248	0.0028324	-0.0009500199812464416	0.014041895978152752	745	104	104	72	1.992041695601519	0.800000011920929	1.9999998807907104	1.9999998807907104	2.000000476837158	1	79.98774263746472	2.410038976243101	128.8406524658203	1.6282384395599365	537312.0	0.0	820.6209259033201	554.3009033203125	2.367337282618342	3252.507119946586	8817.771484375	7775.205078125	143657.0	4370.08984375	16254.427929687487	3903.1201171875	27.401020050048828
sub-AT224_ses-01_task-rest_dir-AP_run-1_bold	0.00010461229946524064	0.01006501871657754	2	51.825080350656	0.9855677014591687	0.9756144580321278	0.4337047085373937	8121780.5	0.2029842205412363	394	52.67379679144385	2.9827132123383033	2.839765	3.063435	3.044939637014909	0.00779268	0.01919247955083847	0.014631642028689384	748	104	104	72	2.089147440867262	0.800000011920929	2.0	2.0	2.000000238418579	1	69.58401551261205	3.384138934012547	185.64491271972656	2.282567024230957	521761.0	0.0	1164.0316162109375	744.0256958007812	3.210625238932706	2726.392185277507	7811.373046875	7065.263671875	153128.0	3814.724169921875	14372.498730468746	3381.87744140625	23.9022216796875
sub-AT224_ses-01_task-rest_dir-AP_run-2_bold	0.0005090909090909092	0.008928630788770054	2	52.719447144886246	1.015389577898261	0.9995813828514062	0.4336768500825017	11413273.0	0.1959928483682752	365	48.79679144385027	2.9672315453096374	2.82806	3.019585	3.0540496359289127	0.00319465	0.01812862604856491	0.0167066752910614	748	104	104	72	2.0906859568602085	0.800000011920929	2.0	2.0	2.000000238418579	0	72.63989508175064	2.819918536551605	183.6690216064453	1.9020061492919922	521623.0	0.0	1160.489538574216	742.55517578125	3.0328263374729056	2718.595854910224	7740.482421875	7015.75390625	153791.0	3754.2109375	14230.94775390625	3355.707763671875	24.88587760925293
sub-AT312_ses-01_task-rest_dir-AP_run-1_bold	0.00014775919732441472	0.009505638829431437	2	60.42859732095478	1.0742461047236174	0.9942984155946392	0.4733227352515873	14300669.0	0.11764991535370968	57	9.531772575250836	2.94174504004738	2.728770650589621	2.9991792849399364	3.097285184612583	0.00333064	0.009473685175180435	0.03165210410952568	598	104	104	72	2.3457978476331878	0.800000011920929	1.9999995231628418	2.000000476837158	1.9999998807907104	0	43.858390513513555	2.240932399370193	176.00364685058594	1.5114859342575073	491234.0	0.0	1139.4980224609358	642.6668090820312	0.8923388484207311	2537.762543791275	7035.6396484375	6568.37841796875	178009.0	3392.13134765625	12342.201367187503	2800.0537109375	25.123210906982422
sub-AT313_ses-01_task-rest_dir-AP_run-1_bold	0.00019936560934891487	0.011729864424040067	1	52.937308863444784	1.0026737258361205	0.9851744102341147	0.40845365002747924	14636718.0	0.1873185823328663	252	42.07011686143573	2.7774333358600014	2.624535	2.8220896635806962	2.8856753439993077	0.00540289	0.007256633136421442	0.020970255136489868	599	104	104	72	2.4206446403170614	0.800000011920929	2.0	2.000000238418579	1.999999761581421	6	65.1897048620774	2.3805557324848627	121.64064025878906	1.6246510744094849	546082.0	0.009212784469127655	717.3610473632807	516.7703857421875	1.3649940093265949	2322.0323381688777	7029.404296875	6542.1796875	135754.0	3596.7905883789062	12248.019384765623	2702.650146484375	23.643367767333984
sub-AT314_ses-01_task-rest_dir-AP_run-1_bold	0.0007612416107382552	0.010671572533557046	4	51.18521680433612	1.0480701784201678	0.999285774554622	0.46203936761807823	6644025.0	0.09607178155252126	25	4.194630872483222	2.699868276552872	2.5836151539954635	2.7207346756631523	2.795255	0.0033237	-0.0006680786609649658	0.028263842687010765	596	104	104	72	2.4183240702773556	0.800000011920929	1.9999998807907104	2.000000238418579	2.0	3	52.41713676790558	3.915785096930178	181.35202026367188	2.66176438331604	501344.0	0.0	1183.6055725097647	676.6112060546875	2.931214114189478	2612.7309620256515	7857.93896484375	7316.13330078125	168935.0	4072.12353515625	13473.435058593748	3025.28173828125	25.753625869750977
sub-AT316_ses-01_task-rest_dir-AP_run-1_bold	0.00030392617449664423	0.009888940285234899	4	50.503580083764746	1.0133453840168083	0.98906364784874	0.43302064682876423	7718124.0	0.11476139591737022	24	4.026845637583893	2.7509768891852437	2.6303001567781066	2.766155	2.8564755107776243	0.00377081	0.012446505017578602	0.015820153057575226	596	104	104	72	2.2893530986469024	0.800000011920929	1.9999998807907104	2.0	1.9999996423721313	2	62.46092463347347	3.394200916513308	154.4458770751953	2.289353847503662	524144.0	0.0	865.2937469482416	625.784912109375	3.7340180285797206	2505.5108780507267	7403.86767578125	6826.97265625	153570.0	3797.25146484375	12926.99575195312	2982.04345703125	24.51561164855957
sub-AT317_ses-01_task-rest_dir-AP_run-1_bold	0.00014363484087102175	0.007511233718592965	3	52.68651777951342	1.0635623390100677	151297.03031904864	0.4153488827376396	58390624.0	0.12158528805960162	52	8.710217755443885	2.8048131707526225	2.6922596790576363	2.870040513203236	2.8521393199969958	0.00261805	0.0015109883388504386	0.013244198635220528	597	104	104	72	2.451393127494897	0.800000011920929	2.000000238418579	1.9999996423721313	2.000000476837158	3	72.48487956200157	1.3605618199857974	110.38275909423828	0.9176850318908691	536792.0	0.0	707.6042358398427	482.0042419433594	1.0352444969895123	2585.473667723321	7850.5439453125	7226.85693359375	145057.0	4172.9375	13577.605859374988	2948.051025390625	28.47840118408203
sub-AT318_ses-01_task-rest_dir-AP_run-1_bold	0.00013429530201342283	0.013295704932885906	4	55.29143225398315	0.9900957896638655	0.9741577702521002	0.4717752245947749	1852190.875	0.20604378040008603	280	46.97986577181208	2.673064938844396	2.5920654634974234	2.696244678582587	2.730884674453178	0.00225576	0.0031569493003189564	0.02876144088804722	596	104	104	72	2.5125932947065226	0.800000011920929	1.9999996423721313	2.000000238418579	2.000000238418579	1	53.57370761092737	6.803195525275934	164.66139221191406	4.6540117263793945	495756.0	0.0	974.9481506347656	598.7828979492188	2.146569236665414	2424.3022102443197	7159.89892578125	6724.6025390625	177567.0	3706.67255859375	12034.191992187498	2676.351806640625	22.070613861083984
sub-AT319_ses-01_task-rest_dir-AP_run-1_bold	0.0008286789297658863	0.01738166404682274	2	44.722900077370184	0.9687009570351744	0.9715526176214409	0.3968026160507834	2437121.75	0.12125998552909185	39	6.521739130434782	2.979581669900502	2.9524542960800417	2.9915103566158243	2.994780357005639	0.00217267	0.001223340048454702	0.01586165651679039	598	104	104	72	2.3698094007375183	0.800000011920929	2.000000476837158	1.999999761581421	1.999999761581421	44	68.91065145418564	6.6851207350679065	117.80595397949219	4.639386177062988	552422.0	0.021757766604423526	732.5049957275389	459.4028625488281	4.009263713822719	2501.208942658408	7861.75830078125	7282.30908203125	131452.0	4154.634228515625	13658.135058593749	3072.939697265625	20.978757858276367
sub-AT320_ses-01_task-rest_dir-AP_run-1_bold	0.0002647324414715719	0.012863730451505016	2	54.767270239866015	0.9892935734505859	0.9802716179564489	0.44639706953223457	5097834.0	0.16990328130817725	215	35.953177257525084	2.750785394527984	2.4612001466989604	2.906865693050788	2.884290343834203	0.00194073	0.021413704380393028	0.014973580837249756	598	104	104	72	2.4378538232517664	0.800000011920929	1.9999998807907104	1.9999995231628418	1.999999761581421	0	56.980140749359116	3.94844186903348	169.01596069335938	2.6631836891174316	519736.0	0.0	1075.9811401367188	632.3724975585938	1.6605869240248055	2242.770309701124	6900.4306640625	6431.32421875	155955.0	3545.55263671875	11935.836132812492	2638.1005859375	22.7489013671875
sub-AT322_ses-01_task-rest_dir-AP_run-1_bold	0.00012775544388609714	0.009869720971524288	3	56.94004845463086	1.0313336605872474	0.9878730298322147	0.4784103906747867	7727925.5	0.13168912928133844	74	12.39530988274707	2.846380020425398	2.6750393622209163	2.8550303403461386	3.0090703587091396	0.00219681	0.0022837824653834105	0.04291351139545441	597	104	104	72	2.1594756890388305	0.800000011920929	2.000000476837158	1.999999761581421	1.999999761581421	0	60.53318112465699	3.026072264335544	175.3256072998047	2.0410547256469727	480778.0	0.0	1044.799804687499	651.1111450195312	2.8770716077908016	2538.002163583426	7181.740234375	6568.7109375	185755.0	3568.5698974609377	12943.424316406248	3041.800048828125	23.799495697021484
sub-AT323_ses-01_task-rest_dir-AP_run-1_bold	0.00035927973199329985	0.008586776097152428	3	48.52799226129197	1.0177011201510058	0.999447880956376	0.43407894180772194	25999310.0	0.10218807262529449	53	8.877721943048575	2.7905118255785673	2.7259353249568137	2.767525494872122	2.878074656906765	0.00399867	0.01418852899223566	0.02590124122798443	597	104	104	72	2.400866770977836	0.800000011920929	1.999999761581421	1.9999996423721313	2.000000238418579	0	47.22646791508762	1.981144368858352	166.03701782226562	1.336261510848999	524946.0	0.0	962.5284576416016	665.6149291992188	4.569659427241496	2436.1210402342235	7800.91162109375	7294.45458984375	151629.0	4043.885302734375	13376.7119140625	3038.248779296875	27.175317764282227
sub-AT324_ses-01_task-rest_dir-AP_run-1_bold	0.00124933110367893	0.009912207859531771	2	46.26774034241206	1.0120087511055285	1.0059442544556105	0.44035468079474926	7200418.5	0.14289432328087903	155	25.91973244147157	2.8649039621771784	2.7281004878223816	2.940495701068807	2.9261156976403466	0.0019519	0.003355389228090644	0.023969603702425957	598	104	104	72	2.445973461114639	0.800000011920929	1.9999996423721313	1.9999995231628418	1.9999995231628418	2	54.621844048413664	3.8315377545935307	137.5244140625	2.5843329429626465	518410.0	0.0	886.8065124511718	532.6185913085938	1.837054457465407	2554.4667942262886	7707.484375	7176.7421875	159042.0	4019.4407592773437	13186.557568359369	2934.095458984375	25.73259925842285
sub-AT325_ses-01_task-rest_dir-AP_run-1_bold	6.579564489112228e-05	0.006284452479061977	3	50.32293276808721	1.0459408636073817	0.9946902737751683	0.41325978413931014	875612736.0	0.07245091909926692	3	0.5025125628140703	2.884483337953714	2.792599667096178	2.951975	2.9088753467649635	0.00296241	0.0016444018110632896	0.024367252364754677	597	104	104	72	2.2978734594345696	0.800000011920929	2.000000238418579	2.0	1.999999761581421	2	58.047475311567126	0.3291662181605884	128.1396484375	0.2220192402601242	537294.0	0.0	782.1810821533196	568.7071533203125	2.3411493234242844	2670.6979578471355	7861.3984375	7256.7890625	145049.0	4003.305126953125	13985.9193359375	3158.03466796875	29.3814754486084
sub-AT326_ses-01_task-rest_dir-AP_run-1_bold	0.00018083752093802345	0.010594903149078726	3	52.37433689533557	1.0152853272986575	0.9860021655872492	0.4456939596560582	3334071.5	0.20432118083370462	259	43.38358458961474	3.029465123994989	2.9882703562295863	2.983979644281906	3.116145371473476	0.00805482	-0.0015258477069437504	0.03970104828476906	597	104	104	72	2.08445048446331	0.800000011920929	1.999999761581421	2.000000238418579	1.999999761581421	4	48.703284347383864	5.252841054926798	165.13214111328125	3.6813273429870605	509021.0	0.05826175585389137	1042.14892578125	600.92626953125	7.30596087754302	2626.6220326652	7767.05615234375	7100.22265625	165400.0	3817.41982421875	13753.61313476561	3406.27001953125	23.89823341369629
sub-AT327_ses-01_task-rest_dir-AP_run-1_bold	0.0003094137353433836	0.012048602412060301	3	45.02828784280202	0.9739427965939607	0.9716846308053684	0.4437621410021849	2733811.25	0.08599653197238494	7	1.1725293132328307	2.841261902808231	2.724574675205389	2.868060683798953	2.931150349420351	0.00165679	-0.0006685032276436687	0.02295367419719696	597	104	104	72	2.2886115767046116	0.800000011920929	2.000000238418579	1.9999995231628418	1.999999761581421	1	60.333959269283724	6.035083450557683	142.3271026611328	4.131075859069824	513549.0	0.0005897269351407889	849.772448730468	534.5389404296875	2.0299496135902295	2688.6708901121933	7726.138671875	7103.353515625	163709.0	3912.031005859375	13694.895312500003	3103.7734375	23.482385635375977
sub-AT328_ses-01_task-rest_dir-AP_run-1_bold	0.0003430369127516778	0.012432137449664428	4	50.47225974603359	1.009256159932773	0.9750288403865545	0.435787403362051	3909739.25	0.12225283775714668	55	9.228187919463087	2.7631864413706997	2.645405	2.809275	2.8348793241120998	0.00418567	-0.006051849573850632	0.04023139551281929	596	104	104	72	2.4471804654531977	0.800000011920929	2.0	2.0	2.000000476837158	5	57.80908077181	5.100598393942612	174.4573974609375	3.440793037414551	526371.0	0.0	1043.7477416992188	677.9719848632812	1.8348976965906125	2611.287451857829	7688.5595703125	7185.71240234375	149581.0	3963.99951171875	13213.046875	2936.313232421875	24.03028106689453
sub-AT329_ses-01_task-rest_dir-AP_run-1_bold	0.00020988255033557054	0.011445845100671141	4	58.17944348756304	1.0227659014957984	0.9888562221344542	0.42158546489202225	14510609.0	0.2635840060214156	384	64.42953020134229	2.7831583431949483	2.6222846873993055	2.85673	2.870460342185538	0.00142236	0.004279789049178362	0.023791838437318802	596	104	104	72	2.3995035934198587	0.800000011920929	2.000000238418579	2.0	1.999999761581421	0	81.14206710821801	2.4748206914506823	113.8460693359375	1.669241189956665	532424.0	0.0	697.6996124267573	469.324951171875	1.6916007374853717	2324.460388872427	7162.4697265625	6650.240234375	147986.0	3603.9659423828125	12476.91357421875	2771.497314453125	23.700119018554688
sub-AT330_ses-01_task-rest_dir-AP_run-1_bold	0.00015821070234113712	0.017210041137123745	2	54.49743444033496	0.9897201886934679	0.9662326902177547	0.45188824427351104	780221.625	0.3531779505662353	441	73.74581939799332	2.8645263976060042	2.6834493602158167	2.9061996535540042	3.0039301790481914	0.00469318	0.006055828183889389	0.028446901589632034	598	104	104	72	2.3286499488620342	0.800000011920929	2.000000476837158	2.000000238418579	1.9999998807907104	0	42.05512376330583	11.619574754034762	183.75186157226562	8.28060531616211	509306.0	0.15130838379263878	1040.8855285644531	643.9390869140625	3.5859850066422982	2688.3465708768954	8097.18212890625	7640.07763671875	163790.0	3869.8208862304687	14232.403271484372	3280.894287109375	19.495098114013672
sub-AT332_ses-01_task-rest_dir-AP_run-1_bold	0.0012996984924623116	0.012226124807370184	3	50.24830349003353	1.0153375845469805	0.9913688234060399	0.432710696025361	3397690.25	0.10613966797352077	34	5.695142378559464	2.9552344160552084	2.785894335791031	3.0438542742885892	3.0359546380860043	0.00319324	0.0014448791043832898	0.02590411715209484	597	104	104	72	2.1640858705903487	0.800000011920929	2.000000476837158	2.000000476837158	2.000000238418579	2	71.09243799427878	5.301885531429871	144.15553283691406	3.5760674476623535	521731.0	0.0	888.8543395996094	558.9653930664062	2.3235891127777313	2714.196551354629	7620.43212890625	6947.65087890625	156053.0	3807.8735839843753	13872.045312499999	3210.421875	22.531591415405273
sub-AT334_ses-01_task-rest_dir-AP_run-1_bold	0.00020413043478260872	0.013592155033444814	2	64.52251516738689	1.0245473186097154	0.9862473015410379	0.44745405928343746	7168987.0	0.30915946171961256	373	62.374581939799334	2.8053215130049947	2.7337343482269407	2.769159669890443	2.9130705208976004	0.00178975	-0.005069931037724018	0.036147862672805786	598	104	104	72	2.1598182608872203	0.800000011920929	2.000000476837158	2.000000238418579	1.9999996423721313	0	61.63812488151936	3.2100782607154414	138.6702423095703	2.204023599624634	507790.0	0.013341317884624006	874.9028747558592	518.1502075195312	4.237128102109754	2331.0796141580254	6831.96728515625	6298.265625	167008.0	3254.474475097656	12150.531347656248	2916.100341796875	21.374797821044922
sub-AT335_ses-01_task-rest_dir-AP_run-1_bold	0.000491744966442953	0.013960925922818793	4	52.76864523359663	1.0110598174453784	0.978706846470588	0.39026615781973006	5047388.5	0.3240024767301393	435	72.98657718120805	2.772900272799077	2.678075478877213	2.848100339520018	2.792525	0.00536388	0.0011772050056606531	0.020551927387714386	596	104	104	72	2.4406361082885084	0.800000011920929	1.9999996423721313	1.999999761581421	2.0	2	60.67946797702453	4.880152892949982	115.96717071533203	3.363762855529785	558948.0	0.0288228714838624	711.0633087158221	459.453125	3.203628936680758	2521.031870025707	8169.265625	7620.15966796875	126329.0	4294.83251953125	14121.662499999999	3122.18994140625	22.288150787353516
sub-AT336_ses-01_task-rest_dir-AP_run-1_bold	0.00048409015025041726	0.019240786644407346	1	55.63400595142143	0.9906326648160549	0.9750138887290971	0.46603271193396023	601025.625	0.19797158431885062	267	44.574290484140235	3.0006283333333337	2.854525	3.040265	3.107095	0.00918743	0.006755100563168526	0.047786761075258255	599	104	104	72	2.03088553573817	0.800000011920929	2.0	2.0	2.0	1	77.46646084557818	11.705664433684788	212.20716857910156	8.182373046875	493814.0	0.10276664942502978	1313.0310668945308	721.7527465820312	4.417479556508319	2794.041340948309	7650.9697265625	7038.11474609375	172235.0	3420.8375	13994.813964843746	3465.52978515625	18.764575958251953
sub-TD101_ses-01_task-rest_dir-AP_run-1_bold	0.000919545859305432	0.01337615622439893	2	48.3305970633422	0.9851341646167556	0.9973876524242419	0.4659159348382709	1079237.625	0.125745478925046	183	16.295636687444347	2.9055570019670984	2.7083306457163445	3.021450360184951	2.98689	0.00110021	0.0036798107903450727	0.034460898488759995	1123	104	104	72	2.394115146043795	0.800000011920929	1.9999995231628418	1.999999761581421	2.0	12	54.97837812651504	4.612050136676933	77.39901733398438	3.2066256999969482	496425.0	0.015013077668845654	453.98601074218715	275.2121887207031	1.5881183311166858	1292.0596002799164	3770.393798828125	3499.86865234375	177514.0	1910.2492553710938	6497.997094726563	1461.8590087890625	21.846372604370117
sub-TD101_ses-01_task-rest_dir-AP_run-2_bold	0.0016181875	0.012083863419642857	5	48.90421591060772	1.0121707928150128	1.012780182475425	0.4654931226224428	927734.1875	0.13269703681724618	246	21.964285714285715	2.8916220011526996	2.703645644599353	3.010325358858747	2.960895	0.00259033	0.003130447119474411	0.03540032356977463	1120	104	104	72	2.378691838315519	0.800000011920929	1.9999995231628418	1.999999761581421	2.0	7	55.63353597112899	5.012302562955334	78.09172821044922	3.4688453674316406	496768.0	0.0	455.71505126953093	276.0102233886719	1.6005990397655099	1296.7618672283065	3772.014892578125	3499.515625	177443.0	1896.3743041992188	6515.446191406249	1471.189208984375	22.37902069091797
sub-TD111_ses-01_task-rest_dir-PA_run-1_bold	0.00027119218910585816	0.012841792384378211	3	51.29875843235598	0.9886523229526754	0.9760100072736624	0.46386844037462643	10386380.0	0.10804870262383309	40	4.110996916752312	3.036006567881367	2.8160093286110572	3.063270182585131	3.2287401924479124	0.00140813	0.005874274298548698	0.04359288513660431	973	104	104	72	2.343043922423928	0.800000011920929	2.000000476837158	1.9999998807907104	1.9999998807907104	8	44.40521796226833	1.4421208150191576	88.36786651611328	0.9726957082748413	500363.0	0.0	565.8846557617185	324.7866516113281	0.9125071175139863	1331.8319612340879	3722.63720703125	3448.74169921875	174916.0	1866.5632934570312	6534.755859375	1471.90234375	21.977102279663086
sub-TD111_ses-01_task-rest_dir-PA_run-2_bold	0.00041691040164778577	0.013896035581874357	5	52.8500409351752	1.004069607268043	0.9913858820309273	0.4657101575250495	4217777.0	0.13080080009305894	131	13.49124613800206	3.0343815684366837	2.809444330176275	3.0776751834437364	3.216025191690039	0.00466944	0.0061830380000174046	0.04572491720318794	971	104	104	72	2.348590293030776	0.800000011920929	2.000000476837158	1.9999998807907104	1.9999998807907104	3	44.02557701504776	2.2888019141612266	90.67994689941406	1.5874660015106201	499137.0	0.011586190946400166	579.5522705078115	331.9664611816406	0.8468255664330164	1327.0907832167306	3708.27783203125	3437.821044921875	175559.0	1863.8632568359374	6504.121044921875	1463.7764892578125	21.02859878540039
sub-TD112_ses-01_task-rest_dir-PA_run-1_bold	0.0005245164609053498	0.01853705267489712	4	45.997348184335756	0.9681119197837307	0.9522711613285257	0.3977431550132356	4104429.0	0.1534141946757769	172	17.695473251028808	3.261498471848522	3.1243896275437324	3.3799202014589427	3.28018558654289	0.0147349	0.0018712320597842336	0.0278208926320076	972	104	104	72	2.3386342630647143	0.800000011920929	2.000000238418579	1.9999998807907104	1.9999996423721313	32	53.13560466203319	2.7398845974697883	71.13302612304688	1.9104915857315063	554414.0	0.017502176389098168	438.86366729736324	281.4073486328125	0.8289535840797484	1537.214356255255	4275.208984375	3941.34814453125	129972.0	2209.4872924804686	7665.874609375	1685.31396484375	20.074378967285156
sub-TD112_ses-01_task-rest_dir-PA_run-2_bold	0.0016284733606557378	0.010730765450819673	0	47.87176275804109	1.037045713641025	1.007434361323077	0.39461998972614737	28004392.0	0.17357596500809963	365	37.39754098360656	3.181891801623457	3.0747696334588963	3.2352901928383226	3.2356155785731517	0.016327	0.002390028676018119	0.028393523767590523	976	104	104	72	2.3203840894523577	0.800000011920929	2.000000238418579	1.9999998807907104	1.9999996423721313	46	64.87069492561776	1.0590381950665548	68.43460083007812	0.7143104076385498	555780.0	0.0	418.97285919189346	291.995361328125	1.0768666682416903	1476.6799538088053	4199.826171875	3860.80322265625	129264.0	2181.784802246094	7569.260351562498	1663.857421875	25.12810516357422
sub-TD114_ses-01_task-rest_dir-PA_run-1_bold	0.00018166324435318277	0.008167278121149897	2	48.56175208400831	1.014991043371017	4.656158025508731	0.451849169017601	5664362.5	0.09796235791800141	4	0.4106776180698152	3.2259081978221893	3.088085	3.17939	3.4102495934665686	0.00521552	-0.003055834909901023	0.049070488661527634	974	104	104	72	2.051288205334871	0.800000011920929	2.0	2.0	2.000000238418579	0	44.86136084480827	2.336080532044256	103.57855224609375	1.57566237449646	503001.0	0.0	678.5006103515625	368.81427001953125	2.9866056265435725	1834.0057295854162	4516.29150390625	4117.91064453125	169146.0	2123.35302734375	8201.845703125	2007.469482421875	25.30496597290039
sub-TD114_ses-01_task-rest_dir-PA_run-2_bold	0.00011563655030800822	0.007507051878850103	2	48.28060408124354	1.0160564559095573	0.9773913946865368	0.4505198353376808	12520117.0	0.09515249306420201	10	1.0266940451745379	3.244108196962691	3.108565	3.19188	3.431879590888072	0.00596525	-0.0026580127887427807	0.05178995430469513	974	104	104	72	2.0388294001355356	0.800000011920929	2.0	2.0	2.000000238418579	1	47.58710720239753	1.5609520135819406	105.26068115234375	1.0528461933135986	503532.0	0.0	709.4623718261711	386.2693786621094	2.872161566989597	1873.8864985875475	4551.4375	4146.2958984375	168950.0	2125.747424316406	8290.401367187498	2033.658935546875	26.042221069335938
sub-TD115_ses-01_task-rest_dir-PA_run-1_bold	0.0001518069815195072	0.011615775708418891	2	57.452873861356586	1.0230678211408017	0.9914478456423432	0.44289918151441	20620526.0	0.08720020508446454	32	3.2854209445585214	2.906213856200677	2.7581103287923727	2.918960695934462	3.0415705438751957	0.00808113	0.01557205431163311	0.031130686402320862	974	104	104	72	2.5857027764352756	0.800000011920929	1.999999761581421	1.9999995231628418	1.9999996423721313	1	59.159446371428515	1.025307020763711	74.2977523803711	0.6915590763092041	520551.0	0.0	416.5165252685547	317.5916748046875	0.4901322116018534	1166.809936762786	3489.216064453125	3252.43017578125	157666.0	1866.004638671875	5916.9901123046875	1257.8475341796875	22.42620849609375
sub-TD115_ses-01_task-rest_dir-PA_run-2_bold	0.00015598562628336756	0.012330019014373719	2	57.34592888993828	1.007002728057555	0.9903276708221986	0.44481550058869473	10866547.0	0.10307173681534902	79	8.11088295687885	2.9170105251058955	2.7626403293323913	2.938990700709987	3.049400545275309	0.00736391	0.01750839129090309	0.029514087364077568	974	104	104	72	2.621172483666721	0.800000011920929	1.999999761581421	1.9999995231628418	1.9999996423721313	0	57.151791542410095	1.400045684858715	77.31625366210938	0.9507412910461426	520030.0	0.0	431.60268554687474	327.53955078125	0.41815431433748396	1161.8519426495097	3475.655029296875	3249.955078125	157967.0	1861.2570190429688	5865.412841796873	1239.882080078125	21.70882797241211
sub-TD117_ses-01_task-rest_dir-PA_run-1_bold	0.0004835457348406988	0.006981228047276465	3	48.398814695689396	1.047761553261318	1.0072291305246919	0.4188825829419871	55447104.0	0.1017768846522785	25	2.5693730729701953	2.8666017702014717	2.756990492988317	2.9675696462381307	2.875245171377967	0.00399181	0.005976845510303974	0.029693620279431343	973	104	104	72	2.5120580150896163	0.800000011920929	1.9999996423721313	2.000000238418579	1.9999998807907104	3	53.31436127259235	0.7001153086671175	61.39632797241211	0.47222059965133667	536277.0	0.0	396.81714477539015	260.0963134765625	0.5201937579188938	1366.4588310170761	3928.37890625	3653.672607421875	143734.0	2064.9234130859377	6739.9654541015625	1454.4488525390625	28.141935348510742
sub-TD117_ses-01_task-rest_dir-PA_run-2_bold	0.00016256172839506175	0.00696560066872428	4	48.8367626255613	1.0377459787950565	2.7925296668898083	0.420086696334179	58502644.0	0.11936444774933314	94	9.670781893004115	2.8738967691406088	2.7560254928157617	2.9920196433234643	2.8736451712825994	0.00288248	0.006529796402901411	0.030721738934516907	972	104	104	72	2.507832993653739	0.800000011920929	1.9999996423721313	2.000000238418579	1.9999998807907104	1	53.975186086593986	0.6715694416897444	64.29619598388672	0.45296669006347656	536144.0	0.0	415.93441772460784	267.09490966796875	0.5109833370881813	1376.6967857166176	3933.829345703125	3660.9140625	144082.0	2064.073034667969	6749.218457031247	1459.7867431640625	28.075777053833008
sub-TD118_ses-01_task-rest_dir-PA_run-1_bold	7.536485097636177e-05	0.008851775878725592	3	52.43034545680038	1.020776588158436	0.9877338560390949	0.41607495646462744	69071904.0	0.06163155180847605	0	0.0	2.821098664924548	2.635630471287454	2.872690171225677	2.9549753522605124	0.00558367	0.006492896005511284	0.027703076601028442	973	104	104	72	2.2939889029013347	0.800000011920929	1.9999996423721313	1.9999998807907104	1.999999761581421	0	66.76889172810435	0.5745873889427624	67.97836303710938	0.38755330443382263	536519.0	0.0	393.3862792968743	299.3173522949219	1.1905048481450633	1267.8842436214984	3701.743896484375	3383.66943359375	144362.0	1861.8609191894532	6567.482104492181	1475.010498046875	25.300643920898438
sub-TD118_ses-01_task-rest_dir-PA_run-2_bold	0.0001721090534979424	0.007568721820987653	4	52.238623472780624	1.0272140932955711	11227.939450547243	0.416041142908104	34485148.0	0.07558598127046127	2	0.205761316872428	2.8007319955698105	2.6155604676986575	2.8657151708099344	2.92092034820084	0.00592784	0.008513359352946281	0.02578667923808098	972	104	104	72	2.2847213288584745	0.800000011920929	1.9999996423721313	1.9999998807907104	1.999999761581421	3	66.429932755384	0.8139401712035431	71.02021789550781	0.5489943027496338	537101.0	0.0	400.9232482910156	307.64617919921875	1.226033510142008	1275.6684482138012	3738.79296875	3410.26611328125	143205.0	1891.493212890625	6650.6828124999965	1492.6346435546875	26.78858757019043
sub-TD120_ses-01_task-rest_dir-AP_run-1_bold	0.0006262967914438503	0.01642797709893048	2	55.88252430903619	1.0294665923962516	0.9817212752208823	0.4427372924844446	1209255.25	0.17308966668857573	231	30.88235294117647	3.165388467248951	3.02842463898365	3.26848	3.1992607627632053	0.00542003	-0.0023462274111807346	0.049337878823280334	748	104	104	72	2.0616497956646773	0.800000011920929	2.000000238418579	2.0	1.9999995231628418	0	81.987545593497	8.583506188185034	180.13339233398438	5.853280067443848	512506.0	0.0	1039.8581848144531	689.545654296875	2.989417575814419	2685.649219379751	7764.56591796875	7057.111328125	159176.0	3750.7890014648438	14471.211181640625	3423.030029296875	20.730022430419922
sub-TD120_ses-01_task-rest_dir-AP_run-2_bold	0.0011650066755674233	0.01877726154873164	1	56.391456706016044	1.0251465546122995	0.9971256900401072	0.44227752600780806	809428.6875	0.19196369475651417	256	34.17890520694259	3.137746801310057	2.995779642875237	3.225365	3.1920957610549356	0.0105889	-0.0002822873357217759	0.04800790548324585	749	104	104	72	2.123510024052383	0.800000011920929	2.000000238418579	2.0	1.9999995231628418	1	67.8221406427535	10.674315181913343	198.00059509277344	7.407586574554443	516859.0	0.02895341757684948	1137.1575805664054	733.4803466796875	2.676583821484302	2695.163790159936	7848.04150390625	7153.19140625	155861.0	3849.15966796875	14418.3173828125	3368.558837890625	20.00820541381836
sub-TD122_ses-01_task-rest_dir-AP_run-1_bold	0.0010431466666666665	0.014639270133333333	0	49.26316342016016	1.0156126291855805	0.9978170864085452	0.4213362071792183	2187252.75	0.1450374580089135	102	13.6	3.0772115338769304	2.9798953552312084	3.160829246399582	3.09091	0.0139015	0.002772746840491891	0.014179197140038013	750	104	104	72	2.266855596861283	0.800000011920929	1.999999761581421	2.000000476837158	2.0	11	59.89995588648135	6.994890394659384	141.01104736328125	4.844754695892334	532099.0	0.037396613508462906	861.5297912597656	531.7564697265625	3.5385589856432604	2692.2912483615814	8162.44287109375	7491.41259765625	147249.0	4162.11640625	14457.6326171875	3304.748291015625	21.91074562072754
sub-TD122_ses-01_task-rest_dir-AP_run-2_bold	0.0004482242990654206	0.01174087686248331	1	48.84699746487967	1.0056983232085555	0.9842813804946517	0.41803332834563783	14972229.0	0.12040441524656811	58	7.74365821094793	3.008353203272693	2.936485350056332	3.1047842597617485	2.98379	0.014412	0.0018785352585837245	0.013784943148493767	749	104	104	72	2.25918546311982	0.800000011920929	1.999999761581421	2.000000476837158	2.0	9	62.98645860939122	2.7185896453340925	132.7660369873047	1.8393558263778687	533846.0	0.0	823.1454162597656	541.0352172851562	3.4556008415880335	2670.0710371824744	8094.14404296875	7425.97509765625	146700.0	4116.772631835937	14386.6205078125	3287.003173828125	23.908496856689453
sub-TD124_ses-01_task-rest_dir-AP_run-1_bold	0.00043137884872824627	0.012199689598393574	3	61.05799573222515	1.0389325616756027	1.0035940874128677	0.46125072453559357	2885267.5	0.19346007435531237	374	50.0669344042838	2.9113282739928543	2.765945	2.9831251778081165	2.9849146441704457	0.00295503	0.006644635461270809	0.04830339550971985	747	104	104	72	2.2466038736053875	0.800000011920929	2.0	1.9999998807907104	2.000000238418579	4	53.30349809345615	3.254784458899268	111.96641540527344	2.2163424491882324	502372.0	0.0009861417522188287	709.5613433837865	400.0051574707031	1.5518519330329612	1599.8933920378	4462.11279296875	4109.408203125	169746.0	2180.7633666992188	7925.1915283203125	1829.1591796875	21.847105026245117
sub-TD124_ses-01_task-rest_dir-AP_run-2_bold	0.0004430347593582888	0.017447113770053476	2	62.37979757157965	1.024521343708165	0.9906043565194116	0.4613445785688388	760964.625	0.21971553851237802	361	48.2620320855615	2.9654882724288285	2.799905	3.042565181351017	3.053994635935469	0.00402645	0.010692158713936806	0.03966265171766281	748	104	104	72	2.2692462244781373	0.800000011920929	2.0	1.9999998807907104	2.000000238418579	10	54.14978858167655	6.217482151674723	112.69074249267578	4.4440999031066895	503815.0	0.08002996668219567	706.0817260742188	392.74334716796875	1.3992647647042498	1590.4095881493563	4444.12744140625	4099.04638671875	169606.0	2178.7216796875	7847.0140380859375	1806.341796875	18.94227409362793
sub-TD125_ses-01_task-rest_dir-AP_run-1_bold	0.0002456434316353887	0.010595708257372655	4	47.35041504440268	0.995685544308724	9778.64433526784	0.4494783859544338	4026890.0	0.1096432031831487	44	5.898123324396783	2.852742006716889	2.745730490974872	2.9593655291757934	2.85313	0.00731727	0.009115343913435936	0.033632244914770126	746	104	104	72	2.4493659361800466	0.800000011920929	1.9999996423721313	1.9999996423721313	2.0	2	96.48859677297412	5.046053206269082	162.3112030029297	3.4035110473632812	511244.0	0.0	956.2286651611314	618.6358032226562	1.714953569655095	2859.461887766733	7887.025390625	7413.01171875	160771.0	3971.380859375	13318.6064453125	3026.492919921875	23.96645736694336
sub-TD125_ses-01_task-rest_dir-AP_run-2_bold	0.0002533602150537634	0.013028572231182796	6	48.250478957590836	0.9797378605921917	0.9722235392866748	0.44975501266172163	3772668.75	0.10972602314211179	40	5.376344086021505	2.8671036750170202	2.751620492028086	2.980880533022976	2.86881	0.00854962	0.008547645062208176	0.03490370884537697	744	104	104	72	2.4364839762078625	0.800000011920929	1.9999996423721313	1.9999996423721313	2.0	2	104.61273005873106	5.089218229264961	163.163818359375	3.4326255321502686	511462.0	0.0	952.5115844726545	620.8740234375	1.6866165488662421	2818.9509404290507	7790.44091796875	7312.2109375	160898.0	3920.978271484375	13218.037060546874	3001.123046875	21.9902400970459
sub-TD129_ses-01_task-rest_dir-AP_run-1_bold	0.00019354666666666673	0.01596580733333333	0	55.36971426062747	0.991627631241656	0.9770438026034726	0.45097230069656374	1820227.625	0.22953246397501226	361	48.13333333333333	3.2303021252648016	3.103425	3.267925584350631	3.3195557914437748	0.00824605	-0.0018305412959307432	0.029945047572255135	750	104	104	72	2.1279743841653977	0.800000011920929	2.0	1.9999996423721313	1.9999995231628418	0	66.09006763353418	4.222646456341691	95.60002899169922	2.9859743118286133	504326.0	0.027729856316000223	613.5633239746094	349.3993835449219	1.5401746980369957	1678.1022878994156	4654.2314453125	4242.77783203125	169305.0	2196.364794921875	8651.207421874999	1993.8046875	20.253440856933594
sub-TD129_ses-01_task-rest_dir-AP_run-2_bold	0.00044324	0.013569460213333334	0	57.12059393299068	1.0183525991455282	0.9946945066088124	0.45232080490913296	2342862.5	0.28269882911910554	494	65.86666666666666	3.201595454588133	3.076145	3.2343955783549987	3.2942457854093994	0.0161542	-0.002355279866605997	0.02884930558502674	750	104	104	72	2.124899875920791	0.800000011920929	2.0	1.9999996423721313	1.9999995231628418	1	64.8502766864237	3.720416748291633	106.13864135742188	2.509382963180542	504847.0	0.0	670.7528503417942	373.54156494140625	1.594803461373064	1685.4378388174416	4664.28759765625	4251.9619140625	168454.0	2207.6212890625	8674.842089843754	2001.0115966796875	21.39584732055664
